KeyEmpleado,CodigoEmpleado,NombreEmpleado
1,1,Sanchez, Nancy
2,2,Gonzales, Andrew
3,3,Panduro, Janet
4,4,Ruiz, Margaret
5,5,Orejuela, Steven
6,6,Arevalo, Michael
7,7,Orellana, Robert
8,8,Pacheco, Laura
9,9,Gonzales, Anne
154,1,Sanchez, Nancy
155,2,Gonzales, Andrew
156,3,Panduro, Janet
157,4,Ruiz, Margaret
158,5,Orejuela, Steven
159,6,Arevalo, Michael
160,7,Orellana, Robert
161,8,Pacheco, Laura
162,9,Gonzales, Anne
163,1,Sanchez, Nancy
164,2,Gonzales, Andrew
165,3,Panduro, Janet
166,4,Ruiz, Margaret
167,5,Orejuela, Steven
168,6,Arevalo, Michael
169,7,Orellana, Robert
170,8,Pacheco, Laura
171,9,Gonzales, Anne
